keyword,category,search_volume,growth_rate
Virtual Reality Home Experience,Technology,78000,450
Blockchain-powered smart contracts,Technology,16000,220
Personalized AI diet plans,Health,28000,315
Regenerative agriculture techniques,Food,15000,290
3D-printed home construction,Home,24000,375
Carbon-neutral travel options,Travel,18000,-60
Virtual reality concerts and events,Entertainment,32000,425
Plant-based meat alternatives,Food,35000,400
Climate-adaptive architecture,Home,14000,250
Personalized mental health apps,Health,23000,380
Off-grid sustainable energy solutions,Technology,17000,265
Space tourism experiences,Travel,30000,475
Digital nomad communities,Entertainment,22000,330
Lab-grown leather alternatives,Fashion,19000,285
Smart home security systems,Technology,30000,410
Telemedicine and remote healthcare,Health,27000,365
Zero-waste lifestyle,Home,14000,-25
Eco-friendly luxury fashion,Fashion,26000,350
Cultural heritage virtual tours,Travel,18000,270
Virtual reality gaming experiences,Entertainment,32500,430
